semantic,hop_bin,n,accuracy,ci_lo,ci_hi
rel,0,22225,0.5182902137232845,0.5117209843581719,0.5248594430883972
rel,1,35292,0.4880142808568514,0.4827991750354351,0.49322938667826766
rel,2+,4117,0.5061938304590722,0.49092160532679685,0.5214660555913475
attr,0,36816,0.5789602346805737,0.5739168314070343,0.584003637954113
attr,1,5385,0.5851439182915507,0.571984299891343,0.5983035366917583
attr,2+,0,,,
cat,0,8616,0.566736304549675,0.5562729752627987,0.5771996338365514
cat,1,0,,,
cat,2+,0,,,
