structural,semantic,n,overall_acc,gt_yes_rate,pred_yes_rate,acc_on_yes,acc_on_no,bias_gap
verify,attr,8053,0.6717993294424438,0.49695765553209986,0.5604122687197318,0.7336331834082959,0.6107134040977537,0.12291977931054221
verify,global,879,0.9556313993174061,0.4664391353811149,0.48350398179749715,0.9707317073170731,0.9424307036247335,0.028301003692339677
verify,obj,2879,0.7863841611670719,0.5081625564432094,0.5758944077804793,0.8564593301435407,0.7139830508474576,0.14247627929608309
verify,rel,15602,0.7223432893218819,0.49314190488398923,0.5591590821689527,0.7856771510267742,0.6607233181588265,0.1249538328679477
logical,attr,3411,0.7077103488712987,0.5104075051304603,0.5822339489885664,0.7892016082711085,0.6227544910179641,0.16644711725314443
logical,obj,12685,0.5138352384706346,0.5210878990934175,0.2902640914465905,0.4317700453857791,0.6031275720164609,-0.17135752663068182
