structural,n_total,n_extractable,overall_acc,cand_match_rate,acc_in_constraint,acc_out_constraint,n_in,n_out
choose,16229,16211,0.6171051820814591,0.30590339892665475,0.759023996773543,0.5545680767863491,4959,11252
compare,4157,226,0.48592735145537647,0.6814159292035398,0.5714285714285714,0.06944444444444445,154,72
