semantic,n,accuracy,ci_lo,ci_hi
rel,40278,0.41119221411192214,0.4063867942842758,0.41599763393956846
attr,18092,0.5069091311076719,0.4996239337877357,0.5141943284276081
cat,7185,0.5341684064022268,0.5226339733137209,0.5457028394907328
global,2612,0.34915773353751917,0.33087596558110355,0.3674395014939348
