cell,structural,semantic,n,n_yes_gt,n_no_gt,gt_yes_rate,blip_yes_rate,vilt_yes_rate,blip_acc_yes,blip_acc_no,vilt_acc_yes,vilt_acc_no,blip_bias_gap,vilt_bias_gap,blip_acc,vilt_acc
logicalĂ—attr,logical,attr,3411,1741,1670,0.5104075051304603,0.5822339489885664,0.5350337144532396,0.7892016082711085,0.6227544910179641,0.7036186099942562,0.6395209580838324,0.16644711725314443,0.06409765191042383,0.7077103488712987,0.6722368806801524
logicalĂ—obj,logical,obj,12685,6610,6075,0.5210878990934175,0.2902640914465905,0.25321245565628697,0.4317700453857791,0.6031275720164609,0.3476550680786687,0.6436213991769547,-0.17135752663068182,-0.295966331098286,0.5138352384706346,0.4893969255025621
verifyĂ—attr,verify,attr,8053,4002,4051,0.49695765553209986,0.5604122687197318,0.5107413386315659,0.7336331834082959,0.6107134040977537,0.6616691654172914,0.6383608985435695,0.12291977931054221,0.023308266873721895,0.6717993294424438,0.6499441202036508
verifyĂ—global,verify,global,879,410,469,0.4664391353811149,0.48350398179749715,0.4948805460750853,0.9707317073170731,0.9424307036247335,0.9780487804878049,0.9275053304904051,0.028301003692339677,0.05054344999739979,0.9556313993174061,0.9510807736063709
verifyĂ—obj,verify,obj,2879,1463,1416,0.5081625564432094,0.5758944077804793,0.5220562695380341,0.8564593301435407,0.7139830508474576,0.7580314422419686,0.7217514124293786,0.14247627929608309,0.03628002981259004,0.7863841611670719,0.7401875651267801
verifyĂ—rel,verify,rel,15602,7694,7908,0.49314190488398923,0.5591590821689527,0.5208306627355467,0.7856771510267742,0.6607233181588265,0.7080842214712764,0.659838138593829,0.1249538328679477,0.04824608287744736,0.7223432893218819,0.6836303038072042
